<?xml version="1.0" standalone="yes"?>
<coupons type="CurrentCoupons">
 
<Coupon><ID>1</ID><BusinessID>1</BusinessID><Name>FreeRide</Name><Desciption>Get a free ride for one of the movie you like</Desciption><ImageFilename>Luna_Park_3.jpg</ImageFilename></Coupon><Coupon><ID>2</ID><BusinessID>3</BusinessID><Name>Movie Discount</Name><Desciption>Once again we have to go to the movies</Desciption><ImageFilename>Luna_Park_4.jpg</ImageFilename></Coupon><Coupon><ID>3</ID><BusinessID>2</BusinessID><Name>free meal</Name><Desciption>Once again we have to go eat</Desciption><ImageFilename>Luna_Park_2.jpg</ImageFilename></Coupon><Coupon><ID>4</ID><BusinessID>4</BusinessID><Name>GotIT</Name><Desciption>Let me get a free one</Desciption><ImageFilename>Luna_Park_1.jpg</ImageFilename></Coupon><Coupon><ID>5</ID><BusinessID>4</BusinessID><Name>GotIT</Name><Desciption>Let me get a free one</Desciption><ImageFilename>Luna_Park_5.jpg</ImageFilename></Coupon><Coupon><ID>6</ID><BusinessID>2</BusinessID><Name>ShayBit</Name><Desciption>Eat as you like</Desciption><ImageFilename>Luna_Park_6.jpg</ImageFilename></Coupon><Coupon><ID>7</ID><BusinessID>1</BusinessID><Name>Redbull</Name><Desciption>Free ticket to Redbull game</Desciption><ImageFilename>Luna_Park_7.jpg</ImageFilename></Coupon><Coupon><ID>8</ID><BusinessID>1</BusinessID><Name>Shimon</Name><Desciption>Shimon the great</Desciption><ImageFilename>Luna_Park_8.jpg</ImageFilename></Coupon><Coupon><ID>9</ID><BusinessID>1</BusinessID><Name>Shay-test</Name><Desciption>This is the new coupon</Desciption><ImageFilename>Luna_Park_9.jpg</ImageFilename></Coupon></coupons>
